"","date","demand"
"1",2011-01-01,435.0646117
"2",2011-01-02,456.8178423
"3",2011-01-03,494.3467868
"4",2011-01-04,511.9095934
"5",2011-01-05,509.8143814
"6",2011-01-06,523.3716356
"7",2011-01-07,514.4977965
"8",2011-01-08,503.0973782
"9",2011-01-09,499.8313124
"10",2011-01-10,523.1867639
"11",2011-01-11,508.1505366
"12",2011-01-12,498.968578
"13",2011-01-13,527.2539402
"14",2011-01-14,507.2261783
"15",2011-01-15,499.523193
"16",2011-01-16,486.5821776
"17",2011-01-17,522.3856535
"18",2011-01-18,515.9767697
"19",2011-01-19,519.1195877
"20",2011-01-20,529.7805194
"21",2011-01-21,530.3967582
"22",2011-01-22,516.7162563
"23",2011-01-23,494.778154
"24",2011-01-24,527.1923163
"25",2011-01-25,525.0354804
"26",2011-01-26,493.4224286
"27",2011-01-27,522.3856535
"28",2011-01-28,511.9095934
"29",2011-01-29,507.7191694
"30",2011-01-30,490.9574733
"31",2011-01-31,525.9598387
"32",2011-02-01,545.6670806
"33",2011-02-02,550.7503507
"34",2011-02-03,523.2002819
"35",2011-02-04,536.4418867
"36",2011-02-05,513.2847674
"37",2011-02-06,527.3422057
"38",2011-02-07,546.169132
"39",2011-02-08,536.0025918
"40",2011-02-09,544.8512471
"41",2011-02-10,512.2179082
"42",2011-02-11,517.6149604
"43",2011-02-12,514.1633573
"44",2011-02-13,492.1358535
"45",2011-02-14,529.0993855
"46",2011-02-15,524.706436
"47",2011-02-16,522.5727177
"48",2011-02-17,527.9070135
"49",2011-02-18,523.7650897
"50",2011-02-19,513.535793
"51",2011-02-20,508.5780358
"52",2011-02-21,520.5645122
"53",2011-02-22,522.2589356
"54",2011-02-23,486.7388013
"55",2011-02-24,502.1141244
"56",2011-02-25,493.704764
"57",2011-02-26,446.5119354
"58",2011-02-27,458.7494375
"59",2011-02-28,410.8035319
"60",2011-03-01,409.2768863
"61",2011-03-02,413.768265
"62",2011-03-03,416.0763346
"63",2011-03-04,424.310529
"64",2011-03-05,472.2185687
"65",2011-03-06,459.2434746
"66",2011-03-07,484.4450997
"67",2011-03-08,493.5526176
"68",2011-03-09,489.7474218
"69",2011-03-10,492.8664348
"70",2011-03-11,491.5564493
"71",2011-03-12,497.1082925
"72",2011-03-13,465.9181624
"73",2011-03-14,458.2453904
"74",2011-03-15,484.0708181
"75",2011-03-16,479.0803973
"76",2011-03-17,459.5553759
"77",2011-03-18,461.1148824
"78",2011-03-19,455.6877998
"79",2011-03-20,448.5764501
"80",2011-03-21,356.191285
"81",2011-03-22,477.1466092
"82",2011-03-23,438.720369
"83",2011-03-24,397.1127356
"84",2011-03-25,372.4101526
"85",2011-03-26,358.8736362
"86",2011-03-27,436.9113415
"87",2011-03-28,461.3644034
"88",2011-03-29,445.6445779
"89",2011-03-30,442.2136636
"90",2011-03-31,406.7816759
"91",2011-04-01,356.760344
"92",2011-04-02,351.0079292
"93",2011-04-03,342.5452419
"94",2011-04-04,321.6927381
"95",2011-04-05,324.6795689
"96",2011-04-06,341.0462954
"97",2011-04-07,350.7866824
"98",2011-04-08,341.2177616
"99",2011-04-09,334.9675416
"100",2011-04-10,325.6198675
"101",2011-04-11,320.8077512
"102",2011-04-12,332.3125809
"103",2011-04-13,326.9473478
"104",2011-04-14,204.6532206
"105",2011-04-15,400
"106",2011-04-16,400
"107",2011-04-17,400
"108",2011-04-18,400
"109",2011-04-19,400
"110",2011-04-20,400
"111",2011-04-21,400
"112",2011-04-22,400
"113",2011-04-23,400
"114",2011-04-24,400
"115",2011-04-25,400
"116",2011-04-26,369.9245241
"117",2011-04-27,365.7208364
"118",2011-04-28,366.82707
"119",2011-04-29,373.6304068
"120",2011-04-30,371.3073162
"121",2011-05-01,408.0916646
"122",2011-05-02,398.5649322
"123",2011-05-03,416.1204832
"124",2011-05-04,406.5937507
"125",2011-05-05,427.0852129
"126",2011-05-06,424.1493017
"127",2011-05-07,459.7996527
"128",2011-05-08,395.9286037
"129",2011-05-09,437.8102765
"130",2011-05-10,437.0912778
"131",2011-05-11,438.0499427
"132",2011-05-12,437.0912778
"133",2011-05-13,452.3100831
"134",2011-05-14,413.843654
"135",2011-05-15,430.0211242
"136",2011-05-16,460.9380672
"137",2011-05-17,456.3244924
"138",2011-05-18,456.8038248
"139",2011-05-19,443.682099
"140",2011-05-20,465.4318089
"141",2011-05-21,430.0211242
"142",2011-05-22,433.6760341
"143",2011-05-23,459.9194858
"144",2011-05-24,456.9835745
"145",2011-05-25,464.8925599
"146",2011-05-26,474.2395427
"147",2011-05-27,473.2808778
"148",2011-05-28,459.619903
"149",2011-05-29,455.4257441
"150",2011-05-30,482.8076103
"151",2011-05-31,468.1879705
"152",2011-06-01,461.0225527
"153",2011-06-02,461.5641534
"154",2011-06-03,463.3694891
"155",2011-06-04,459.9995292
"156",2011-06-05,417.4537852
"157",2011-06-06,452.4772972
"158",2011-06-07,450.3710723
"159",2011-06-08,466.3783819
"160",2011-06-09,465.3553583
"161",2011-06-10,489.6070342
"162",2011-06-11,454.5835222
"163",2011-06-12,435.5071419
"164",2011-06-13,449.9498273
"165",2011-06-14,494.1805512
"166",2011-06-15,488.1627657
"167",2011-06-16,469.6279861
"168",2011-06-17,475.525416
"169",2011-06-18,461.6845091
"170",2011-06-19,446.6400452
"171",2011-06-20,472.6970567
"172",2011-06-21,466.5589155
"173",2011-06-22,472.0351003
"174",2011-06-23,481.0617787
"175",2011-06-24,441.8258168
"176",2011-06-25,450.070183
"177",2011-06-26,443.7515081
"178",2011-06-27,471.9147446
"179",2011-06-28,482.7467587
"180",2011-06-29,496.1062426
"181",2011-06-30,439.7195918
"182",2011-07-01,442.9786576
"183",2011-07-02,434.5266968
"184",2011-07-03,422.7179288
"185",2011-07-04,455.1470835
"186",2011-07-05,468.0348253
"187",2011-07-06,474.7484396
"188",2011-07-07,468.2745972
"189",2011-07-08,462.6998996
"190",2011-07-09,455.0871406
"191",2011-07-10,426.3145079
"192",2011-07-11,448.7931271
"193",2011-07-12,475.2879264
"194",2011-07-13,482.9006855
"195",2011-07-14,462.9996145
"196",2011-07-15,477.8055318
"197",2011-07-16,448.7331842
"198",2011-07-17,423.6170735
"199",2011-07-18,469.173742
"200",2011-07-19,481.042453
"201",2011-07-20,472.6504351
"202",2011-07-21,467.6751674
"203",2011-07-22,470.4924876
"204",2011-07-23,444.1775173
"205",2011-07-24,429.0119422
"206",2011-07-25,452.3897062
"207",2011-07-26,462.9396716
"208",2011-07-27,462.2203557
"209",2011-07-28,467.4953384
"210",2011-07-29,476.0671852
"211",2011-07-30,462.5200707
"212",2011-07-31,443.7579164
"213",2011-08-01,473.5396301
"214",2011-08-02,474.0805435
"215",2011-08-03,475.9436897
"216",2011-08-04,462.0602458
"217",2011-08-05,471.1956721
"218",2011-08-06,442.407059
"219",2011-08-07,429.1847314
"220",2011-08-08,442.8277694
"221",2011-08-09,457.7930401
"222",2011-08-10,465.0052187
"223",2011-08-11,475.8234867
"224",2011-08-12,457.3122282
"225",2011-08-13,447.8762944
"226",2011-08-14,435.0746773
"227",2011-08-15,449.5591361
"228",2011-08-16,457.6127356
"229",2011-08-17,467.9501917
"230",2011-08-18,464.8249143
"231",2011-08-19,462.6612607
"232",2011-08-20,454.1869508
"233",2011-08-21,442.5272619
"234",2011-08-22,470.5946572
"235",2011-08-23,478.4078507
"236",2011-08-24,466.0870455
"237",2011-08-25,479.790185
"238",2011-08-26,471.9769914
"239",2011-08-27,438.8610711
"240",2011-08-28,433.3918356
"241",2011-08-29,459.8965922
"242",2011-08-30,433.3918356
"243",2011-08-31,458.4541565
"244",2011-09-01,474.1641417
"245",2011-09-02,481.5700874
"246",2011-09-03,474.2253478
"247",2011-09-04,448.3351411
"248",2011-09-05,490.0165378
"249",2011-09-06,485.4872818
"250",2011-09-07,494.607
"251",2011-09-08,487.7519098
"252",2011-09-09,475.1434403
"253",2011-09-10,470.6753904
"254",2011-09-11,462.4737646
"255",2011-09-12,499.3198745
"256",2011-09-13,490.0165378
"257",2011-09-14,486.0381372
"258",2011-09-15,480.4683764
"259",2011-09-16,485.7321064
"260",2011-09-17,475.021028
"261",2011-09-18,456.4143545
"262",2011-09-19,493.6889075
"263",2011-09-20,494.974237
"264",2011-09-21,477.1020375
"265",2011-09-22,478.7546039
"266",2011-09-23,502.3189765
"267",2011-09-24,480.8968196
"268",2011-09-25,470.3081534
"269",2011-09-26,500.6052039
"270",2011-09-27,475.5718834
"271",2011-09-28,496.0759479
"272",2011-09-29,478.81581
"273",2011-09-30,488.5475899
"274",2011-10-01,485.0699528
"275",2011-10-02,478.2193924
"276",2011-10-03,525.0420298
"277",2011-10-04,520.5797382
"278",2011-10-05,512.0950992
"279",2011-10-06,526.4247117
"280",2011-10-07,519.5113021
"281",2011-10-08,490.8520771
"282",2011-10-09,489.5950936
"283",2011-10-10,520.893984
"284",2011-10-11,492.4233066
"285",2011-10-12,518.4428661
"286",2011-10-13,509.895378
"287",2011-10-14,478.5964875
"288",2011-10-15,490.9777755
"289",2011-10-16,474.7626877
"290",2011-10-17,503.0448176
"291",2011-10-18,522.9680069
"292",2011-10-19,508.1984502
"293",2011-10-20,540.3772291
"294",2011-10-21,525.9847674
"295",2011-10-22,490.9777755
"296",2011-10-23,480.4819628
"297",2011-10-24,530.5727574
"298",2011-10-25,510.5867189
"299",2011-10-26,528.8758296
"300",2011-10-27,530.447059
"301",2011-10-28,533.0867245
"302",2011-10-29,523.1565544
"303",2011-10-30,501.5364373
"304",2011-10-31,533.0552999
"305",2011-11-01,510.815863
"306",2011-11-02,545.724125
"307",2011-11-03,541.8314771
"308",2011-11-04,541.3291999
"309",2011-11-05,513.1388948
"310",2011-11-06,486.9576983
"311",2011-11-07,518.9778667
"312",2011-11-08,540.3874303
"313",2011-11-09,534.5484584
"314",2011-11-10,539.0061681
"315",2011-11-11,540.7641381
"316",2011-11-12,526.9515165
"317",2011-11-13,512.3854791
"318",2011-11-14,535.1763048
"319",2011-11-15,528.0816401
"320",2011-11-16,549.6795576
"321",2011-11-17,563.8061025
"322",2011-11-18,558.4694077
"323",2011-11-19,518.8522974
"324",2011-11-20,520.6730521
"325",2011-11-21,556.0208066
"326",2011-11-22,567.1964732
"327",2011-11-23,543.5266625
"328",2011-11-24,539.9479378
"329",2011-11-25,563.7433178
"330",2011-11-26,520.0452056
"331",2011-11-27,517.157112
"332",2011-11-28,549.8679115
"333",2011-11-29,547.5448797
"334",2011-11-30,545.3474171
"335",2011-12-01,525.6668223
"336",2011-12-02,524.1606136
"337",2011-12-03,510.1829972
"338",2011-12-04,497.5308445
"339",2011-12-05,524.7630971
"340",2011-12-06,525.5463256
"341",2011-12-07,518.6780141
"342",2011-12-08,544.1028163
"343",2011-12-09,529.8842065
"344",2011-12-10,515.7258451
"345",2011-12-11,505.6041229
"346",2011-12-12,529.3419714
"347",2011-12-13,518.4370207
"348",2011-12-14,549.4649191
"349",2011-12-15,542.3556142
"350",2011-12-16,544.4643063
"351",2011-12-17,527.353776
"352",2011-12-18,526.4500508
"353",2011-12-19,554.5619292
"354",2011-12-20,542.5363592
"355",2011-12-21,527.8960111
"356",2011-12-22,536.8730147
"357",2011-12-23,544.8860448
"358",2011-12-24,521.6904314
"359",2011-12-25,489.8793045
"360",2011-12-26,525.0643388
"361",2011-12-27,548.5611939
"362",2011-12-28,553.0195715
"363",2011-12-29,550.2481476
"364",2011-12-30,549.0431807
"365",2011-12-31,504.0979143
"366",2012-01-01,475.084985
"367",2012-01-02,517.00598
"368",2012-01-03,531.1955303
"369",2012-01-04,531.0777747
"370",2012-01-05,539.2617892
"371",2012-01-06,535.7291211
"372",2012-01-07,526.3675506
"373",2012-01-08,522.4816156
"374",2012-01-09,543.1477242
"375",2012-01-10,547.3280481
"376",2012-01-11,556.8073742
"377",2012-01-12,551.1551052
"378",2012-01-13,547.6813149
"379",2012-01-14,527.5451066
"380",2012-01-15,488.8623907
"381",2012-01-16,522.069471
"382",2012-01-17,537.0833106
"383",2012-01-18,545.3850806
"384",2012-01-19,554.805529
"385",2012-01-20,549.447649
"386",2012-01-21,542.6178239
"387",2012-01-22,506.5846091
"388",2012-01-23,546.9747813
"389",2012-01-24,537.259944
"390",2012-01-25,555.099918
"391",2012-01-26,558.5737083
"392",2012-01-27,561.4587206
"393",2012-01-28,549.3298934
"394",2012-01-29,525.6610169
"395",2012-01-30,551.0962274
"396",2012-01-31,558.7503417
"397",2012-02-01,579.5028618
"398",2012-02-02,575.5067079
"399",2012-02-03,571.9343885
"400",2012-02-04,570.117955
"401",2012-02-05,533.1838054
"402",2012-02-06,551.7719757
"403",2012-02-07,537.240507
"404",2012-02-08,542.8109034
"405",2012-02-09,547.3519873
"406",2012-02-10,556.6763464
"407",2012-02-11,549.5922554
"408",2012-02-12,517.3202854
"409",2012-02-13,522.2246561
"410",2012-02-14,558.9771623
"411",2012-02-15,532.154493
"412",2012-02-16,559.2193534
"413",2012-02-17,570.5417895
"414",2012-02-18,554.9204606
"415",2012-02-19,542.0237822
"416",2012-02-20,548.8051342
"417",2012-02-21,557.645111
"418",2012-02-22,548.865682
"419",2012-02-23,540.2678964
"420",2012-02-24,544.1429547
"421",2012-02-25,460.4053663
"422",2012-02-26,513.747966
"423",2012-02-27,557.1001809
"424",2012-02-28,546.0804838
"425",2012-02-29,532.6388753
"426",2012-03-01,564.4649884
"427",2012-03-02,557.6987234
"428",2012-03-03,541.240241
"429",2012-03-04,529.4145166
"430",2012-03-05,552.8830934
"431",2012-03-06,554.7118136
"432",2012-03-07,565.8670072
"433",2012-03-08,571.9017841
"434",2012-03-09,559.0397849
"435",2012-03-10,548.7379941
"436",2012-03-11,553.7974535
"437",2012-03-12,566.2327513
"438",2012-03-13,586.8363329
"439",2012-03-14,578.4242197
"440",2012-03-15,572.2675282
"441",2012-03-16,579.2776225
"442",2012-03-17,561.90478
"443",2012-03-18,553.005008
"444",2012-03-19,548.7989514
"445",2012-03-20,564.7697751
"446",2012-03-21,575.6811393
"447",2012-03-22,592.6882378
"448",2012-03-23,586.8972903
"449",2012-03-24,560.9294625
"450",2012-03-25,557.3939367
"451",2012-03-26,562.1486094
"452",2012-03-27,572.0236988
"453",2012-03-28,566.8423247
"454",2012-03-29,547.1531032
"455",2012-03-30,541.057369
"456",2012-03-31,561.7828653
"457",2012-04-01,544.4105996
"458",2012-04-02,531.8947116
"459",2012-04-03,550.3327514
"460",2012-04-04,552.835929
"461",2012-04-05,557.5980718
"462",2012-04-06,552.3475041
"463",2012-04-07,545.6927149
"464",2012-04-08,538.4273946
"465",2012-04-09,502.8334303
"466",2012-04-10,567.6107821
"467",2012-04-11,562.1770552
"468",2012-04-12,560.6507274
"469",2012-04-13,554.7285755
"470",2012-04-14,549.9053797
"471",2012-04-15,537.7558104
"472",2012-04-16,572.1897655
"473",2012-04-17,564.9854983
"474",2012-04-18,571.7013406
"475",2012-04-19,570.8465971
"476",2012-04-20,540.5642535
"477",2012-04-21,528.7810029
"478",2012-04-22,547.2800958
"479",2012-04-23,571.9455531
"480",2012-04-24,575.0592618
"481",2012-04-25,537.0842261
"482",2012-04-26,558.3307091
"483",2012-04-27,571.7013406
"484",2012-04-28,563.5812767
"485",2012-04-29,540.808466
"486",2012-04-30,554.972788
"487",2012-05-01,527.6593006
"488",2012-05-02,554.6631482
"489",2012-05-03,560.0663407
"490",2012-05-04,517.9674755
"491",2012-05-05,533.1109522
"492",2012-05-06,525.0546226
"493",2012-05-07,561.0960971
"494",2012-05-08,555.5838716
"495",2012-05-09,551.7071415
"496",2012-05-10,549.7082026
"497",2012-05-11,522.207649
"498",2012-05-12,522.9345359
"499",2012-05-13,526.3266747
"500",2012-05-14,530.1428308
"501",2012-05-15,541.5307252
"502",2012-05-16,545.8314726
"503",2012-05-17,544.6199945
"504",2012-05-18,567.0929138
"505",2012-05-19,522.0259273
"506",2012-05-20,517.2405887
"507",2012-05-21,544.922864
"508",2012-05-22,546.4977856
"509",2012-05-23,560.4297841
"510",2012-05-24,565.699714
"511",2012-05-25,522.3287968
"512",2012-05-26,524.9940487
"513",2012-05-27,516.998293
"514",2012-05-28,542.9239251
"515",2012-05-29,547.1640985
"516",2012-05-30,521.2990404
"517",2012-05-31,542.1364643
"518",2012-06-01,542.8304382
"519",2012-06-02,509.951733
"520",2012-06-03,490.4658215
"521",2012-06-04,533.8415812
"522",2012-06-05,526.0592822
"523",2012-06-06,541.9255197
"524",2012-06-07,546.7517516
"525",2012-06-08,539.0297805
"526",2012-06-09,551.3969999
"527",2012-06-10,549.4665071
"528",2012-06-11,552.7845416
"529",2012-06-12,535.711746
"530",2012-06-13,557.5504456
"531",2012-06-14,555.1976575
"532",2012-06-15,500.962876
"533",2012-06-16,506.995666
"534",2012-06-17,455.3549841
"535",2012-06-18,527.6881354
"536",2012-06-19,529.739284
"537",2012-06-20,538.6678131
"538",2012-06-21,504.0999268
"539",2012-06-22,513.9333744
"540",2012-06-23,512.1838653
"541",2012-06-24,460.7241672
"542",2012-06-25,501.7471387
"543",2012-06-26,516.587802
"544",2012-06-27,519.9661643
"545",2012-06-28,516.587802
"546",2012-06-29,516.2258346
"547",2012-06-30,505.7287801
"548",2012-07-01,484.3773603
"549",2012-07-02,511.9083644
"550",2012-07-03,501.5090987
"551",2012-07-04,521.6464052
"552",2012-07-05,510.2853576
"553",2012-07-06,482.2133513
"554",2012-07-07,496.9406351
"555",2012-07-08,483.2352444
"556",2012-07-09,515.2144894
"557",2012-07-10,517.6189439
"558",2012-07-11,537.1551368
"559",2012-07-12,534.4501254
"560",2012-07-13,542.0241571
"561",2012-07-14,515.8757144
"562",2012-07-15,481.4319036
"563",2012-07-16,522.4278529
"564",2012-07-17,530.24233
"565",2012-07-18,523.1491893
"566",2012-07-19,511.667919
"567",2012-07-20,518.3402802
"568",2012-07-21,499.405201
"569",2012-07-22,488.5851557
"570",2012-07-23,511.1870281
"571",2012-07-24,501.8697669
"572",2012-07-25,506.85901
"573",2012-07-26,513.4712599
"574",2012-07-27,514.0122621
"575",2012-07-28,507.5803463
"576",2012-07-29,472.4151992
"577",2012-07-30,507.8207918
"578",2012-07-31,505.1758918
"579",2012-08-01,490.1993975
"580",2012-08-02,500.2292063
"581",2012-08-03,512.1208359
"582",2012-08-04,490.3795737
"583",2012-08-05,478.3678267
"584",2012-08-06,496.2653298
"585",2012-08-07,474.0435977
"586",2012-08-08,513.3820693
"587",2012-08-09,519.6281778
"588",2012-08-10,517.6462396
"589",2012-08-11,501.3703223
"590",2012-08-12,500.5895587
"591",2012-08-13,521.7302336
"592",2012-08-14,518.1267094
"593",2012-08-15,491.7008659
"594",2012-08-16,522.090586
"595",2012-08-17,523.2317019
"596",2012-08-18,501.5504985
"597",2012-08-19,474.1036565
"598",2012-08-20,493.0221581
"599",2012-08-21,513.2018931
"600",2012-08-22,517.5261221
"601",2012-08-23,525.7541688
"602",2012-08-24,513.1418344
"603",2012-08-25,506.8957259
"604",2012-08-26,486.2955797
"605",2012-08-27,521.4899986
"606",2012-08-28,522.1506447
"607",2012-08-29,518.7272968
"608",2012-08-30,513.3820693
"609",2012-08-31,515.2438901
"610",2012-09-01,509.292286
"611",2012-09-02,487.6811502
"612",2012-09-03,517.4497287
"613",2012-09-04,515.5016827
"614",2012-09-05,521.7719559
"615",2012-09-06,525.5462951
"616",2012-09-07,532.6688384
"617",2012-09-08,505.8832054
"618",2012-09-09,510.9359498
"619",2012-09-10,546.1834078
"620",2012-09-11,537.7215828
"621",2012-09-12,539.4261231
"622",2012-09-13,548.435836
"623",2012-09-14,538.025965
"624",2012-09-15,517.8758638
"625",2012-09-16,517.0357689
"626",2012-09-17,544.1136089
"627",2012-09-18,548.1923303
"628",2012-09-19,538.7564823
"629",2012-09-20,535.530031
"630",2012-09-21,533.7646143
"631",2012-09-22,504.8483059
"632",2012-09-23,508.8661509
"633",2012-09-24,549.409859
"634",2012-09-25,544.2962382
"635",2012-09-26,543.6265974
"636",2012-09-27,542.8352037
"637",2012-09-28,546.4269135
"638",2012-09-29,529.56414
"639",2012-09-30,513.4927602
"640",2012-10-01,525.2543183
"641",2012-10-02,539.0488762
"642",2012-10-03,544.5862142
"643",2012-10-04,535.8655167
"644",2012-10-05,546.9036023
"645",2012-10-06,528.9133522
"646",2012-10-07,504.397825
"647",2012-10-08,552.5751049
"648",2012-10-09,560.8079312
"649",2012-10-10,563.4302388
"650",2012-10-11,556.9049617
"651",2012-10-12,559.1613659
"652",2012-10-13,547.3304896
"653",2012-10-14,513.8503293
"654",2012-10-15,530.3159819
"655",2012-10-16,539.4025828
"656",2012-10-17,546.8426184
"657",2012-10-18,546.8426184
"658",2012-10-19,547.9403286
"659",2012-10-20,527.9985938
"660",2012-10-21,513.9722971
"661",2012-10-22,526.656948
"662",2012-10-23,533.853048
"663",2012-10-24,556.5390583
"664",2012-10-25,545.0131015
"665",2012-10-26,491.164319
"666",2012-10-27,516.411653
"667",2012-10-28,504.1538894
"668",2012-10-29,546.7206506
"669",2012-10-30,555.7462676
"670",2012-10-31,546.9036023
"671",2012-11-01,538.4548183
"672",2012-11-02,551.478483
"673",2012-11-03,558.1131802
"674",2012-11-04,523.9567764
"675",2012-11-05,574.5770583
"676",2012-11-06,567.4509021
"677",2012-11-07,575.6828411
"678",2012-11-08,580.4745668
"679",2012-11-09,572.6726544
"680",2012-11-10,556.638803
"681",2012-11-11,531.0829326
"682",2012-11-12,566.7751459
"683",2012-11-13,574.0241668
"684",2012-11-14,589.382262
"685",2012-11-15,574.7613554
"686",2012-11-16,594.7883116
"687",2012-11-17,557.2531268
"688",2012-11-18,559.6489897
"689",2012-11-19,594.7883116
"690",2012-11-20,582.2561059
"691",2012-11-21,576.1743002
"692",2012-11-22,577.1265021
"693",2012-11-23,589.922867
"694",2012-11-24,555.7787497
"695",2012-11-25,541.8950316
"696",2012-11-26,571.1368449
"697",2012-11-27,562.1677173
"698",2012-11-28,576.4814621
"699",2012-11-29,588.0307497
"700",2012-11-30,588.7065059
"701",2012-12-01,566.2401814
"702",2012-12-02,555.7949741
"703",2012-12-03,578.0902995
"704",2012-12-04,546.4492624
"705",2012-12-05,585.1148541
"706",2012-12-06,584.8094387
"707",2012-12-07,585.053771
"708",2012-12-08,575.6469762
"709",2012-12-09,554.4511463
"710",2012-12-10,590.6123316
"711",2012-12-11,577.6627179
"712",2012-12-12,571.7987419
"713",2012-12-13,568.19484
"714",2012-12-14,547.3044256
"715",2012-12-15,507.1728399
"716",2012-12-16,541.6236988
"717",2012-12-17,557.1998851
"718",2012-12-18,565.8125998
"719",2012-12-19,613.9460694
"720",2012-12-20,570.0273325
"721",2012-12-21,562.9416949
"722",2012-12-22,525.5588479
"723",2012-12-23,567.461843
"724",2012-12-24,557.3831343
"725",2012-12-25,575.8913085
"726",2012-12-26,579.4952104
"727",2012-12-27,582.4882815
"728",2012-12-28,569.9051664
"729",2012-12-29,545.3497669
"730",2012-12-30,571.7376589
"731",2012-12-31,579.6784597
"732",2013-01-01,509.7460146
"733",2013-01-02,553.3638954
"734",2013-01-03,570.798898
"735",2013-01-04,569.8269118
"736",2013-01-05,542.5505489
"737",2013-01-06,537.2046248
"738",2013-01-07,578.5140384
"739",2013-01-08,580.093516
"740",2013-01-09,580.944004
"741",2013-01-10,598.3790065
"742",2013-01-11,583.9814608
"743",2013-01-12,594.5518108
"744",2013-01-13,567.5791937
"745",2013-01-14,598.8042504
"746",2013-01-15,593.1545806
"747",2013-01-16,619.0337133
"748",2013-01-17,610.7596807
"749",2013-01-18,603.907178
"750",2013-01-19,594.3695634
"751",2013-01-20,588.7198936
"752",2013-01-21,629.4218158
"753",2013-01-22,628.7535753
"754",2013-01-23,595.5845461
"755",2013-01-24,598.7435013
"756",2013-01-25,616.9074935
"757",2013-01-26,594.187316
"758",2013-01-27,571.0418945
"759",2013-01-28,607.4913771
"760",2013-01-29,630.6367986
"761",2013-01-30,615.0242702
"762",2013-01-31,614.2952806
"763",2013-02-01,616.1388029
"764",2013-02-02,583.8774065
"765",2013-02-03,581.2438231
"766",2013-02-04,611.2906153
"767",2013-02-05,617.2281488
"768",2013-02-06,615.8455175
"769",2013-02-07,605.6044694
"770",2013-02-08,591.0000525
"771",2013-02-09,599.0803651
"772",2013-02-10,583.3985732
"773",2013-02-11,601.9533652
"774",2013-02-12,632.9578241
"775",2013-02-13,618.0541363
"776",2013-02-14,630.084824
"777",2013-02-15,615.7796779
"778",2013-02-16,613.684782
"779",2013-02-17,582.5007606
"780",2013-02-18,610.5723653
"781",2013-02-19,617.5753029
"782",2013-02-20,609.1358653
"783",2013-02-21,620.807428
"784",2013-02-22,601.0555526
"785",2013-02-23,542.4583224
"786",2013-02-24,574.6000105
"787",2013-02-25,606.1431569
"788",2013-02-26,622.9023239
"789",2013-02-27,624.6380947
"790",2013-02-28,621.4059697
"791",2013-03-01,590.2818024
"792",2013-03-02,589.1178644
"793",2013-03-03,585.827384
"794",2013-03-04,606.9108326
"795",2013-03-05,603.9250263
"796",2013-03-06,601.1220245
"797",2013-03-07,606.7280282
"798",2013-03-08,628.8473687
"799",2013-03-09,608.495138
"800",2013-03-10,588.8741252
"801",2013-03-11,608.2513987
"802",2013-03-12,635.3064599
"803",2013-03-13,624.1553874
"804",2013-03-14,628.8473687
"805",2013-03-15,620.864907
"806",2013-03-16,605.082788
"807",2013-03-17,601.6704379
"808",2013-03-18,609.7747693
"809",2013-03-19,597.5878048
"810",2013-03-20,604.9609183
"811",2013-03-21,609.7747693
"812",2013-03-22,569.009373
"813",2013-03-23,580.8916634
"814",2013-03-24,591.7380618
"815",2013-03-25,585.4008403
"816",2013-03-26,580.9525982
"817",2013-03-27,603.9859611
"818",2013-03-28,557.3098871
"819",2013-03-29,601.9141772
"820",2013-03-30,573.4758955
"821",2013-03-31,564.7439354
"822",2013-04-01,585.2299527
"823",2013-04-02,611.7761047
"824",2013-04-03,611.2926783
"825",2013-04-04,616.1269423
"826",2013-04-05,610.1445406
"827",2013-04-06,583.7373737
"828",2013-04-07,588.3903528
"829",2013-04-08,601.745007
"830",2013-04-09,625.0099023
"831",2013-04-10,617.27508
"832",2013-04-11,619.0275007
"833",2013-04-12,608.9359747
"834",2013-04-13,598.9653052
"835",2013-04-14,597.6963109
"836",2013-04-15,607.3648389
"837",2013-04-16,612.3199594
"838",2013-04-17,620.5382082
"839",2013-04-18,624.5869042
"840",2013-04-19,605.0685635
"841",2013-04-20,574.3709873
"842",2013-04-21,583.1330907
"843",2013-04-22,613.1659556
"844",2013-04-23,581.4410984
"845",2013-04-24,603.9204258
"846",2013-04-25,615.8852291
"847",2013-04-26,573.9479892
"848",2013-04-27,562.8654391
"849",2013-04-28,594.0101847
"850",2013-04-29,618.3023611
"851",2013-04-30,615.8852291
"852",2013-05-01,485.6709493
"853",2013-05-02,619.2683797
"854",2013-05-03,607.2555318
"855",2013-05-04,576.4346895
"856",2013-05-05,565.5139186
"857",2013-05-06,609.1970021
"858",2013-05-07,611.805853
"859",2013-05-08,619.4503926
"860",2013-05-09,573.1584582
"861",2013-05-10,611.4418273
"862",2013-05-11,551.1531049
"863",2013-05-12,561.0849393
"864",2013-05-13,617.9336188
"865",2013-05-14,623.2119914
"866",2013-05-15,537.48394
"867",2013-05-16,572.1270521
"868",2013-05-17,599.9750178
"869",2013-05-18,588.4475375
"870",2013-05-19,555.503212
"871",2013-05-20,570.9743041
"872",2013-05-21,600.8244111
"873",2013-05-22,578.5581727
"874",2013-05-23,590.8743754
"875",2013-05-24,606.7701642
"876",2013-05-25,591.0563883
"877",2013-05-26,562.9657388
"878",2013-05-27,575.2819415
"879",2013-05-28,592.3304782
"880",2013-05-29,591.7844397
"881",2013-05-30,517.4018558
"882",2013-05-31,541.9735903
"883",2013-06-01,517.788551
"884",2013-06-02,514.9022601
"885",2013-06-03,526.0866372
"886",2013-06-04,562.1051416
"887",2013-06-05,564.3299908
"888",2013-06-06,545.4488382
"889",2013-06-07,582.1889154
"890",2013-06-08,563.1875007
"891",2013-06-09,532.4003984
"892",2013-06-10,571.605849
"893",2013-06-11,561.7443553
"894",2013-06-12,594.2752583
"895",2013-06-13,583.2111434
"896",2013-06-14,575.8751542
"897",2013-06-15,559.0384576
"898",2013-06-16,525.0644092
"899",2013-06-17,571.5457179
"900",2013-06-18,594.0948651
"901",2013-06-19,569.3208687
"902",2013-06-20,570.1025725
"903",2013-06-21,582.0686533
"904",2013-06-22,550.1991919
"905",2013-06-23,536.1285241
"906",2013-06-24,586.879138
"907",2013-06-25,575.0333194
"908",2013-06-26,537.8723248
"909",2013-06-27,576.3562027
"910",2013-06-28,567.8175923
"911",2013-06-29,544.6070034
"912",2013-06-30,519.1114343
"913",2013-07-01,536.4918592
"914",2013-07-02,563.2243735
"915",2013-07-03,560.4917165
"916",2013-07-04,520.4523507
"917",2013-07-05,553.1016615
"918",2013-07-06,515.5216869
"919",2013-07-07,508.5118276
"920",2013-07-08,548.2541655
"921",2013-07-09,545.0462638
"922",2013-07-10,564.0560518
"923",2013-07-11,561.7986394
"924",2013-07-12,544.868047
"925",2013-07-13,517.6008825
"926",2013-07-14,517.8385048
"927",2013-07-15,536.5512648
"928",2013-07-16,549.8581164
"929",2013-07-17,562.2144786
"930",2013-07-18,524.3731194
"931",2013-07-19,538.2740269
"932",2013-07-20,512.2543796
"933",2013-07-21,506.9672823
"934",2013-07-22,546.6502147
"935",2013-07-23,543.5611241
"936",2013-07-24,539.402733
"937",2013-07-25,521.8780847
"938",2013-07-26,533.2245519
"939",2013-07-27,527.3433988
"940",2013-07-28,506.8484712
"941",2013-07-29,535.4819642
"942",2013-07-30,540.7096559
"943",2013-07-31,541.0660895
"944",2013-08-01,529.3395055
"945",2013-08-02,522.7029401
"946",2013-08-03,514.069532
"947",2013-08-04,487.2883476
"948",2013-08-05,523.1727854
"949",2013-08-06,525.5807428
"950",2013-08-07,473.8977555
"951",2013-08-08,460.6833553
"952",2013-08-09,509.4298093
"953",2013-08-10,512.6012653
"954",2013-08-11,495.2169877
"955",2013-08-12,524.5823215
"956",2013-08-13,531.5125402
"957",2013-08-14,522.7616708
"958",2013-08-15,521.4695961
"959",2013-08-16,528.8109295
"960",2013-08-17,502.8519745
"961",2013-08-18,493.396337
"962",2013-08-19,534.3903429
"963",2013-08-20,530.0442735
"964",2013-08-21,527.6363162
"965",2013-08-22,534.0379589
"966",2013-08-23,538.0316443
"967",2013-08-24,516.9473347
"968",2013-08-25,489.8137663
"969",2013-08-26,530.2791962
"970",2013-08-27,531.7474629
"971",2013-08-28,523.7013614
"972",2013-08-29,549.3079324
"973",2013-08-30,546.8412444
"974",2013-08-31,512.1901506
"975",2013-09-01,525.1264124
"976",2013-09-02,555.8395029
"977",2013-09-03,565.5867711
"978",2013-09-04,578.0313966
"979",2013-09-05,567.4258783
"980",2013-09-06,561.7859495
"981",2013-09-07,547.5635204
"982",2013-09-08,521.6934123
"983",2013-09-09,565.893289
"984",2013-09-10,569.0810748
"985",2013-09-11,581.1578788
"986",2013-09-12,544.5596453
"987",2013-09-13,558.5368601
"988",2013-09-14,545.4791989
"989",2013-09-15,534.6284664
"990",2013-09-16,576.1309858
"991",2013-09-17,581.8935217
"992",2013-09-18,591.8247006
"993",2013-09-19,585.1426111
"994",2013-09-20,580.9739681
"995",2013-09-21,550.5673955
"996",2013-09-22,550.3221812
"997",2013-09-23,548.6056812
"998",2013-09-24,566.8128426
"999",2013-09-25,559.5177173
"1000",2013-09-26,556.6364493
"1001",2013-09-27,562.4602888
"1002",2013-09-28,536.0997521
"1003",2013-09-29,543.3948774
"1004",2013-09-30,576.3762001
"1005",2013-10-01,557.4155517
"1006",2013-10-02,562.7108191
"1007",2013-10-03,568.2945915
"1008",2013-10-04,572.5620601
"1009",2013-10-05,547.498195
"1010",2013-10-06,546.7769327
"1011",2013-10-07,579.6544728
"1012",2013-10-08,583.0804688
"1013",2013-10-09,561.8633359
"1014",2013-10-10,564.4478592
"1015",2013-10-11,569.8573265
"1016",2013-10-12,566.7318565
"1017",2013-10-13,562.5845982
"1018",2013-10-14,565.3494371
"1019",2013-10-15,540.1653616
"1020",2013-10-16,554.8911337
"1021",2013-10-17,580.6762611
"1022",2013-10-18,554.5906077
"1023",2013-10-19,586.2059387
"1024",2013-10-20,552.9677675
"1025",2013-10-21,601.292342
"1026",2013-10-22,585.1240453
"1027",2013-10-23,595.7025591
"1028",2013-10-24,605.680021
"1029",2013-10-25,610.9091727
"1030",2013-10-26,583.2006791
"1031",2013-10-27,555.0714492
"1032",2013-10-28,611.930961
"1033",2013-10-29,612.5320129
"1034",2013-10-30,598.2870824
"1035",2013-10-31,590.8941437
"1036",2013-11-01,564.8959183
"1037",2013-11-02,564.8959183
"1038",2013-11-03,545.2386905
"1039",2013-11-04,539.5468961
"1040",2013-11-05,591.8292544
"1041",2013-11-06,583.6142935
"1042",2013-11-07,600.3962851
"1043",2013-11-08,601.6285292
"1044",2013-11-09,600.7483548
"1045",2013-11-10,599.1053627
"1046",2013-11-11,580.3869875
"1047",2013-11-12,595.4673085
"1048",2013-11-13,602.0979556
"1049",2013-11-14,612.1319435
"1050",2013-11-15,614.8311449
"1051",2013-11-16,580.093596
"1052",2013-11-17,597.5210488
"1053",2013-11-18,569.7075383
"1054",2013-11-19,595.5846651
"1055",2013-11-20,613.1294745
"1056",2013-11-21,610.8410211
"1057",2013-11-22,609.0806723
"1058",2013-11-23,571.8786351
"1059",2013-11-24,560.0256201
"1060",2013-11-25,555.7421048
"1061",2013-11-26,602.8020951
"1062",2013-11-27,608.9046374
"1063",2013-11-28,614.6551101
"1064",2013-11-29,621.4031137
"1065",2013-11-30,600.3962851
"1066",2013-12-01,595.1549296
"1067",2013-12-02,634.4632238
"1068",2013-12-03,499.827856
"1069",2013-12-04,631.370892
"1070",2013-12-05,633.8685446
"1071",2013-12-06,614.0062598
"1072",2013-12-07,600.8043818
"1073",2013-12-08,580.3236307
"1074",2013-12-09,601.399061
"1075",2013-12-10,615.6118936
"1076",2013-12-11,611.8059468
"1077",2013-12-12,607.1079812
"1078",2013-12-13,614.0062598
"1079",2013-12-14,562.8638498
"1080",2013-12-15,583.3208138
"1081",2013-12-16,616.9201878
"1082",2013-12-17,618.4663537
"1083",2013-12-18,605.9780908
"1084",2013-12-19,608.1784038
"1085",2013-12-20,612.6384977
"1086",2013-12-21,597.4741784
"1087",2013-12-22,573.4491393
"1088",2013-12-23,612.1627543
"1089",2013-12-24,601.1611894
"1090",2013-12-25,565.7777778
"1091",2013-12-26,612.9358372
"1092",2013-12-27,621.0829421
"1093",2013-12-28,624.2942097
"1094",2013-12-29,612.4600939
"1095",2013-12-30,607.5837246
"1096",2013-12-31,560.0688576
"1097",2014-01-01,564.93193134211
"1098",2014-01-02,601.872702175644
"1099",2014-01-03,612.80175549103
"1100",2014-01-04,614.36465775283
"1101",2014-01-05,596.976752363923
"1102",2014-01-06,591.950053618091
"1103",2014-01-07,614.640042094781
"1104",2014-01-08,620.106136402404
"1105",2014-01-09,620.876307004622
"1106",2014-01-10,633.901990351774
"1107",2014-01-11,621.578334355231
"1108",2014-01-12,625.564522428081
"1109",2014-01-13,599.573685876124
"1110",2014-01-14,599.558835801008
"1111",2014-01-15,602.240641479963
"1112",2014-01-16,620.861350660861
"1113",2014-01-17,616.534211358608
"1114",2014-01-18,615.989422023208
"1115",2014-01-19,609.467653503779
"1116",2014-01-20,604.744903272264
"1117",2014-01-21,613.123625322521
"1118",2014-01-22,622.531550577334
"1119",2014-01-23,597.923598734637
"1120",2014-01-24,608.784041577204
"1121",2014-01-25,623.270530416624
"1122",2014-01-26,612.218054585033
"1123",2014-01-27,597.173380479207
"1124",2014-01-28,611.413366774556
"1125",2014-01-29,631.974874719362
"1126",2014-01-30,623.881906978183
"1127",2014-01-31,633.035891539717
"1128",2014-02-01,635.202249525437
"1129",2014-02-02,617.060715459698
"1130",2014-02-03,619.344032139513
"1131",2014-02-04,624.049377589861
"1132",2014-02-05,631.024500160603
"1133",2014-02-06,621.789382719158
"1134",2014-02-07,615.242043232732
"1135",2014-02-08,608.187513992622
"1136",2014-02-09,618.347976535915
"1137",2014-02-10,607.791243373851
"1138",2014-02-11,606.342878392027
"1139",2014-02-12,621.991188486448
"1140",2014-02-13,623.407589824697
"1141",2014-02-14,619.431164403198
"1142",2014-02-15,619.472767386129
"1143",2014-02-16,624.926083043551
"1144",2014-02-17,603.401011514884
"1145",2014-02-18,617.755968043151
"1146",2014-02-19,623.37012547317
"1147",2014-02-20,621.394829397558
"1148",2014-02-21,625.288264367442
"1149",2014-02-22,608.994221497067
"1150",2014-02-23,577.70111375951
"1151",2014-02-24,566.607174628972
"1152",2014-02-25,600.400061853079
"1153",2014-02-26,625.349538044364
"1154",2014-02-27,621.825196130656
"1155",2014-02-28,612.952643298522
"1156",2014-03-01,607.09275246774
"1157",2014-03-02,608.865831837358
"1158",2014-03-03,603.556745344628
"1159",2014-03-04,611.864750615142
"1160",2014-03-05,617.918530223252
"1161",2014-03-06,618.142186803082
"1162",2014-03-07,627.506331939155
"1163",2014-03-08,644.356771731401
"1164",2014-03-09,626.855817783286
"1165",2014-03-10,611.820589382304
"1166",2014-03-11,626.462451850426
"1167",2014-03-12,646.751448702316
"1168",2014-03-13,647.460128817169
"1169",2014-03-14,648.460196070853
"1170",2014-03-15,641.419493295312
"1171",2014-03-16,635.875810284932
"1172",2014-03-17,629.233333720378
"1173",2014-03-18,630.676688960685
"1174",2014-03-19,620.633773208481
"1175",2014-03-20,631.588386836721
"1176",2014-03-21,639.903556915254
"1177",2014-03-22,625.615515980144
"1178",2014-03-23,637.383647189703
"1179",2014-03-24,636.3629476004
"1180",2014-03-25,630.459162693469
"1181",2014-03-26,629.688830951708
"1182",2014-03-27,647.795328603197
"1183",2014-03-28,618.318412420057
"1184",2014-03-29,638.966905165131
"1185",2014-03-30,616.251861793752
"1186",2014-03-31,619.639248253419
"1187",2014-04-01,626.438279731164
"1188",2014-04-02,634.006128573072
"1189",2014-04-03,635.803663501759
"1190",2014-04-04,636.992540166535
"1191",2014-04-05,633.330117799733
"1192",2014-04-06,615.458471578377
"1193",2014-04-07,617.064263435061
"1194",2014-04-08,621.719589630512
"1195",2014-04-09,617.314205282335
"1196",2014-04-10,632.85924213968
"1197",2014-04-11,632.990042923751
"1198",2014-04-12,627.045894442919
"1199",2014-04-13,620.144918232918
"1200",2014-04-14,618.838617990054
"1201",2014-04-15,619.867302034447
"1202",2014-04-16,635.875754347881
"1203",2014-04-17,639.296930332895
"1204",2014-04-18,644.333745771945
"1205",2014-04-19,633.102084233037
"1206",2014-04-20,604.845720907855
"1207",2014-04-21,606.571446360782
"1208",2014-04-22,630.835359880647
"1209",2014-04-23,621.734507319263
"1210",2014-04-24,640.629489032541
"1211",2014-04-25,632.613604782208
"1212",2014-04-26,613.968474678969
"1213",2014-04-27,617.288248956461
"1214",2014-04-28,637.168152098776
"1215",2014-04-29,641.314648046992
"1216",2014-04-30,641.101764666383
"1217",2014-05-01,553.480247315858
"1218",2014-05-02,650.570020977615
"1219",2014-05-03,642.133976147337
"1220",2014-05-04,605.185198930199
"1221",2014-05-05,603.376227479496
"1222",2014-05-06,625.74337403841
"1223",2014-05-07,638.029785067
"1224",2014-05-08,639.825097273071
"1225",2014-05-09,610.413230318665
"1226",2014-05-10,634.699909027924
"1227",2014-05-11,586.996576602197
"1228",2014-05-12,595.287249311887
"1229",2014-05-13,629.801517112717
"1230",2014-05-14,629.195397276399
"1231",2014-05-15,581.320021442558
"1232",2014-05-16,610.146362009529
"1233",2014-05-17,627.916339811652
"1234",2014-05-18,629.983518797728
"1235",2014-05-19,594.660908273166
"1236",2014-05-20,602.304173769491
"1237",2014-05-21,629.73243773597
"1238",2014-05-22,616.428717797183
"1239",2014-05-23,631.021012795839
"1240",2014-05-24,643.758758883075
"1241",2014-05-25,616.021782783291
"1242",2014-05-26,598.247919768799
"1243",2014-05-27,602.747996284896
"1244",2014-05-28,622.204983746456
"1245",2014-05-29,623.604249607983
"1246",2014-05-30,570.753778699693
"1247",2014-05-31,599.500234479914
"1248",2014-06-01,590.369185621949
"1249",2014-06-02,580.653767968002
"1250",2014-06-03,580.150728685591
"1251",2014-06-04,617.252972887493
"1252",2014-06-05,614.288060197585
"1253",2014-06-06,608.717512922239
"1254",2014-06-07,634.041709321216
"1255",2014-06-08,618.363239358463
"1256",2014-06-09,606.336800174715
"1257",2014-06-10,632.510750404457
"1258",2014-06-11,627.659352489543
"1259",2014-06-12,639.549036831661
"1260",2014-06-13,637.983885957559
"1261",2014-06-14,632.6676290599
"1262",2014-06-15,600.048052875396
"1263",2014-06-16,579.708342499762
"1264",2014-06-17,585.027568885953
"1265",2014-06-18,619.454117155991
"1266",2014-06-19,604.106865285916
"1267",2014-06-20,609.636666796766
"1268",2014-06-21,603.283219169906
"1269",2014-06-22,585.889763259127
"1270",2014-06-23,578.955162143105
"1271",2014-06-24,588.099797559984
"1272",2014-06-25,590.070339540428
"1273",2014-06-26,574.086416060598
"1274",2014-06-27,602.009374390328
"1275",2014-06-28,595.578618464373
"1276",2014-06-29,582.793085840112
"1277",2014-06-30,566.80439019728
"1278",2014-07-01,572.762126986094
"1279",2014-07-02,593.399410158007
"1280",2014-07-03,592.194878700788
"1281",2014-07-04,577.342036407223
"1282",2014-07-05,600.920339613287
"1283",2014-07-06,573.8618568549
"1284",2014-07-07,577.835536595256
"1285",2014-07-08,600.827688690909
"1286",2014-07-09,600.527869375698
"1287",2014-07-10,613.643005492476
"1288",2014-07-11,619.725654289049
"1289",2014-07-12,611.868131901442
"1290",2014-07-13,597.826306266388
"1291",2014-07-14,598.270316499952
"1292",2014-07-15,598.813588956134
"1293",2014-07-16,609.70561097076
"1294",2014-07-17,622.614238050158
"1295",2014-07-18,600.619602759081
"1296",2014-07-19,608.486039017373
"1297",2014-07-20,595.72982668377
"1298",2014-07-21,592.403599387053
"1299",2014-07-22,610.900988837936
"1300",2014-07-23,607.994503913159
"1301",2014-07-24,603.936046956993
"1302",2014-07-25,596.37418827076
"1303",2014-07-26,606.716285085811
"1304",2014-07-27,605.358191147414
"1305",2014-07-28,595.685619383734
"1306",2014-07-29,605.292556559256
"1307",2014-07-30,612.344304317848
"1308",2014-07-31,615.245036623031
"1309",2014-08-01,605.743448662115
"1310",2014-08-02,606.696728703133
"1311",2014-08-03,605.046056096534
"1312",2014-08-04,588.59479525866
"1313",2014-08-05,605.735892693302
"1314",2014-08-06,606.473971514413
"1315",2014-08-07,571.046847687487
"1316",2014-08-08,579.810998244611
"1317",2014-08-09,616.926183621845
"1318",2014-08-10,620.785083780231
"1319",2014-08-11,604.393488480799
"1320",2014-08-12,619.73943835452
"1321",2014-08-13,622.837598783039
"1322",2014-08-14,615.056149797799
"1323",2014-08-15,607.441478697033
"1324",2014-08-16,619.870442117905
"1325",2014-08-17,604.895188737667
"1326",2014-08-18,596.432300213879
"1327",2014-08-19,613.850556831114
"1328",2014-08-20,610.317086756811
"1329",2014-08-21,616.422123756133
"1330",2014-08-22,623.578479667365
"1331",2014-08-23,626.505347779932
"1332",2014-08-24,613.417200084147
"1333",2014-08-25,597.866439236828
"1334",2014-08-26,614.087817081344
"1335",2014-08-27,618.340375618312
"1336",2014-08-28,615.347015358397
"1337",2014-08-29,623.984703718358
"1338",2014-08-30,620.391391633511
"1339",2014-08-31,601.928316800968
"1340",2014-09-01,612.80704803597
"1341",2014-09-02,625.78453483629
"1342",2014-09-03,631.470530232206
"1343",2014-09-04,641.365516802525
"1344",2014-09-05,634.718561663674
"1345",2014-09-06,634.222902786643
"1346",2014-09-07,628.32648244617
"1347",2014-09-08,607.261862142125
"1348",2014-09-09,635.894595486175
"1349",2014-09-10,642.242679505106
"1350",2014-09-11,651.219394738438
"1351",2014-09-12,628.520867761739
"1352",2014-09-13,640.677981148308
"1353",2014-09-14,630.056020225902
"1354",2014-09-15,620.807156024677
"1355",2014-09-16,644.042579945654
"1356",2014-09-17,646.579425460645
"1357",2014-09-18,655.137449071233
"1358",2014-09-19,647.176821761296
"1359",2014-09-20,639.698512243973
"1360",2014-09-21,620.390595117378
"1361",2014-09-22,619.399454535924
"1362",2014-09-23,618.641218418553
"1363",2014-09-24,638.27474031747
"1364",2014-09-25,637.424382458284
"1365",2014-09-26,633.123422393667
"1366",2014-09-27,639.779679010741
"1367",2014-09-28,623.293762615163
"1368",2014-09-29,627.093016683103
"1369",2014-09-30,642.323617344104
"1370",2014-10-01,630.000827622632
"1371",2014-10-02,644.517675551838
"1372",2014-10-03,651.700469218223
"1373",2014-10-04,652.542878003536
"1374",2014-10-05,644.240948268553
"1375",2014-10-06,642.924818627754
"1376",2014-10-07,653.193898018519
"1377",2014-10-08,662.624151496546
"1378",2014-10-09,655.581097155465
"1379",2014-10-10,654.874054303888
"1380",2014-10-11,660.11110461555
"1381",2014-10-12,657.654041844139
"1382",2014-10-13,646.228575001292
"1383",2014-10-14,638.810740883501
"1384",2014-10-15,623.095345348948
"1385",2014-10-16,638.742193969359
"1386",2014-10-17,659.725553281786
"1387",2014-10-18,642.051980235976
"1388",2014-10-19,667.834506153361
"1389",2014-10-20,642.253204325561
"1390",2014-10-21,662.568565181994
"1391",2014-10-22,648.341272087993
"1392",2014-10-23,661.52588943862
"1393",2014-10-24,669.222187999705
"1394",2014-10-25,670.565792712722
"1395",2014-10-26,640.865649387846
"1396",2014-10-27,633.337460091068
"1397",2014-10-28,666.474357003735
"1398",2014-10-29,670.730341146633
"1399",2014-10-30,667.615655415988
"1400",2014-10-31,658.682986846134
"1401",2014-11-01,648.144155192541
"1402",2014-11-02,656.161524040037
"1403",2014-11-03,651.148028490509
"1404",2014-11-04,640.128128792778
"1405",2014-11-05,679.265319532924
"1406",2014-11-06,672.907953594105
"1407",2014-11-07,686.610404906624
"1408",2014-11-08,685.93131339434
"1409",2014-11-09,682.48932914767
"1410",2014-11-10,676.689835567044
"1411",2014-11-11,656.335142958957
"1412",2014-11-12,670.75625868784
"1413",2014-11-13,678.233300241361
"1414",2014-11-14,685.662805947855
"1415",2014-11-15,685.438224604918
"1416",2014-11-16,672.807625406481
"1417",2014-11-17,677.651907716919
"1418",2014-11-18,656.278246270789
"1419",2014-11-19,680.617914765584
"1420",2014-11-20,692.333705111507
"1421",2014-11-21,690.948414461505
"1422",2014-11-22,686.542157053816
"1423",2014-11-23,666.878680540591
"1424",2014-11-24,659.378145917801
"1425",2014-11-25,650.685736755723
"1426",2014-11-26,684.833223185323
"1427",2014-11-27,687.914634301345
"1428",2014-11-28,692.776569272018
"1429",2014-11-29,697.422678851962
"1430",2014-11-30,679.892167349115
"1431",2014-12-01,669.69389240814
"1432",2014-12-02,685.287534215071
"1433",2014-12-03,605.15943373139
"1434",2014-12-04,685.235927612602
"1435",2014-12-05,689.958277274839
"1436",2014-12-06,672.946934354204
"1437",2014-12-07,668.141047360018
"1438",2014-12-08,653.492254935516
"1439",2014-12-09,659.959988207255
"1440",2014-12-10,672.897159337306
"1441",2014-12-11,668.431564358677
"1442",2014-12-12,661.426411231635
"1443",2014-12-13,669.070926596419
"1444",2014-12-14,634.87067224777
"1445",2014-12-15,643.09426284767
"1446",2014-12-16,670.093891588109
"1447",2014-12-17,672.906251058238
"1448",2014-12-18,671.953889318469
"1449",2014-12-19,685.845116527152
"1450",2014-12-20,676.729146752012
"1451",2014-12-21,666.477519200982
"1452",2014-12-22,646.250153822769
"1453",2014-12-23,677.882961601221
"1454",2014-12-24,660.954065664938
"1455",2014-12-25,648.047563364092
"1456",2014-12-26,683.89657659774
"1457",2014-12-27,690.057675800201
"1458",2014-12-28,687.916436062454
"1459",2014-12-29,673.958576453399
"1460",2014-12-30,669.439487090224
"1461",2014-12-31,641.565214979468
